{"A Classic Education - NightOwl--vox_acc_ratio": -8.407587683399129, "ANiMAL - Clinic A--vox_acc_ratio": -5.329388124098344, "ANiMAL - Easy Tiger--vox_acc_ratio": -3.559590396933327, "ANiMAL - Rockshow--vox_acc_ratio": -2.326357467821918, "Actions - Devil's Words--vox_acc_ratio": -0.5424999017779264, "Actions - One Minute Smile--vox_acc_ratio": -1.0963373077387963, "Actions - South Of The Water--vox_acc_ratio": -2.4854233594133692, "Aimee Norwich - Child--vox_acc_ratio": -8.765598987624445, "Alexander Ross - Goodbye Bolero--vox_acc_ratio": -0.8529338464319594, "Alexander Ross - Velvet Curtain--vox_acc_ratio": -2.2339201707285596, "Angela Thomas Wade - Milk Cow Blues--vox_acc_ratio": -0.9120996069531664, "Atlantis Bound - It Was My Fault For Waiting--vox_acc_ratio": -1.8716722524032043, "Auctioneer - Our Future Faces--vox_acc_ratio": -1.7396900481223234, "AvaLuna - Waterduct--vox_acc_ratio": -1.7032652926301601, "BigTroubles - Phantom--vox_acc_ratio": -6.509760497685816, "Bill Chudziak - Children Of No-one--vox_acc_ratio": 0.24286803227574438, "Black Bloc - If You Want Success--vox_acc_ratio": -4.970123384564239, "Celestial Shore - Die For Us--vox_acc_ratio": -1.217010701835278, "Chris Durban - Celebrate--vox_acc_ratio": -2.9988034433952073, "Clara Berry And Wooldog - Air Traffic--vox_acc_ratio": -3.8290145780130693, "Clara Berry And Wooldog - Stella--vox_acc_ratio": -1.7059222738898185, "Clara Berry And Wooldog - Waltz For My Victims--vox_acc_ratio": -4.424977840296027, "Cnoc An Tursa - Bannockburn--vox_acc_ratio": -4.984866119892521, "Creepoid - OldTree--vox_acc_ratio": -4.776074764256183, "Dark Ride - Burning Bridges--vox_acc_ratio": -5.269932669604488, "Dreamers Of The Ghetto - Heavy Love--vox_acc_ratio": -0.862451503306854, "Drumtracks - Ghost Bitch--vox_acc_ratio": 0.2428361434007762, "Faces On Film - Waiting For Ga--vox_acc_ratio": -4.201445661823913, "Fergessen - Back From The Start--vox_acc_ratio": -0.6212822100173412, "Fergessen - Nos Palpitants--vox_acc_ratio": 3.217809287475017, "Fergessen - The Wind--vox_acc_ratio": -0.4661577318235359, "Flags - 54--vox_acc_ratio": -3.8663260204725063, "Giselle - Moss--vox_acc_ratio": -1.019021991753057, "Grants - PunchDrunk--vox_acc_ratio": -1.656795572296673, "Helado Negro - Mitad Del Mundo--vox_acc_ratio": 5.516330188070748, "Hezekiah Jones - Borrowed Heart--vox_acc_ratio": -3.598709950285972, "Hollow Ground - Left Blind--vox_acc_ratio": -4.186164561036053, "Hop Along - Sister Cities--vox_acc_ratio": -4.106222310979577, "Invisible Familiars - Disturbing Wildlife--vox_acc_ratio": -3.680408032627586, "James May - All Souls Moon--vox_acc_ratio": -1.4814430476196776, "James May - Dont Let Go--vox_acc_ratio": -3.185085039559784, "James May - If You Say--vox_acc_ratio": -0.9495032501008325, "James May - On The Line--vox_acc_ratio": -2.423878460873894, "Jay Menon - Through My Eyes--vox_acc_ratio": 1.1544162731937924, "Johnny Lokke - Promises & Lies--vox_acc_ratio": -2.1089396980864894, "Johnny Lokke - Whisper To A Scream--vox_acc_ratio": -3.757911812442387, "Jokers, Jacks & Kings - Sea Of Leaves--vox_acc_ratio": -0.9646121991537946, "Leaf - Come Around--vox_acc_ratio": -3.4285720189224254, "Leaf - Summerghost--vox_acc_ratio": -2.324565486628252, "Leaf - Wicked--vox_acc_ratio": -1.3386381113274197, "Lushlife - Toynbee Suite--vox_acc_ratio": -11.045810207078707, "Matthew Entwistle - Dont You Ever--vox_acc_ratio": 1.2563529994823845, "Meaxic - Take A Step--vox_acc_ratio": -2.565144191413925, "Meaxic - You Listen--vox_acc_ratio": 0.15805097070210294, "Music Delta - 80s Rock--vox_acc_ratio": -0.7103216894834041, "Music Delta - Beatles--vox_acc_ratio": -3.3517634763268607, "Music Delta - Britpop--vox_acc_ratio": -1.9380074351916008, "Music Delta - Country1--vox_acc_ratio": 0.6144650568091556, "Music Delta - Country2--vox_acc_ratio": 0.8043564496058302, "Music Delta - Disco--vox_acc_ratio": -0.6444170630498682, "Music Delta - Gospel--vox_acc_ratio": 2.6948041335339212, "Music Delta - Grunge--vox_acc_ratio": -1.589987817468856, "Music Delta - Hendrix--vox_acc_ratio": -0.27145424530584883, "Music Delta - Punk--vox_acc_ratio": -0.8298422230095266, "Music Delta - Reggae--vox_acc_ratio": 0.16892953235080022, "Music Delta - Rock--vox_acc_ratio": -0.30037900355144487, "Music Delta - Rockabilly--vox_acc_ratio": -0.6075917401075799, "Night Panther - Fire--vox_acc_ratio": 1.4987837129488106, "North To Alaska - All The Same--vox_acc_ratio": -0.24148355138280664, "Patrick Talbot - A Reason To Leave--vox_acc_ratio": 0.3162136596968317, "Patrick Talbot - Set Me Free--vox_acc_ratio": 1.5542326885808286, "Phre The Eon - Everybody's Falling Apart--vox_acc_ratio": -4.433986024568227, "Port St Willow - Stay Even--vox_acc_ratio": -3.4341783111108164, "Remember December - C U Next Time--vox_acc_ratio": -2.4537877332210396, "Secret Mountains - High Horse--vox_acc_ratio": -3.1248239241776616, "Skelpolu - Human Mistakes--vox_acc_ratio": -5.08922707489095, "Skelpolu - Together Alone--vox_acc_ratio": 1.3023203088541475, "Snowmine - Curfews--vox_acc_ratio": -4.739923137433607, "Spike Mullings - Mike's Sulking--vox_acc_ratio": -2.8614417771725904, "St Vitus - Word Gets Around--vox_acc_ratio": -0.006501884578199224, "Steven Clark - Bounty--vox_acc_ratio": -3.8327790019686034, "Strand Of Oaks - Spacestation--vox_acc_ratio": 0.2525826568845453, "Sweet Lights - You Let Me Down--vox_acc_ratio": -1.4771671723969213, "Swinging Steaks - Lost My Way--vox_acc_ratio": -3.718439008112135, "The Districts - Vermont--vox_acc_ratio": -1.612238853223138, "The Long Wait - Back Home To Blue--vox_acc_ratio": -2.4098753230280856, "The Scarlet Brand - Les Fleurs Du Mal--vox_acc_ratio": -1.7923087828877655, "The So So Glos - Emergency--vox_acc_ratio": -3.3542559110771943, "The Wrong'Uns - Rothko--vox_acc_ratio": -0.5830472735182433, "Tim Taler - Stalker--vox_acc_ratio": -1.9822893189056572, "Titanium - Haunted Age--vox_acc_ratio": -5.092587671073208, "Traffic Experiment - Once More (With Feeling)--vox_acc_ratio": -5.483420654179419, "Traffic Experiment - Sirens--vox_acc_ratio": -4.004559395566041, "Triviul - Angelsaint--vox_acc_ratio": -1.2939974995386123, "Triviul - Dorothy--vox_acc_ratio": -0.0029319980512099164, "Voelund - Comfort Lives In Belief--vox_acc_ratio": -1.9048908095295367, "Wall Of Death - Femme--vox_acc_ratio": -5.6371654311508514, "Young Griffo - Blood To Bone--vox_acc_ratio": -4.43992151146745, "Young Griffo - Facade--vox_acc_ratio": -1.537799172567329, "Young Griffo - Pennies--vox_acc_ratio": -2.9346648864598546}