{"room_size": 15.0, "reverberation_time_s": 2.6355527138797052, "lows_cutoff_frequency_hz": 120.0, "lows_q_factor": 0.01, "lows_gain_db_s": -2.8752626490236435, "highs_cutoff_frequency_hz": 11999.941234219574, "highs_q_factor": 0.2944908519475843, "highs_gain_db_s": -6.8303246800807145, "fade_in_time_s": 1.6110290328362018, "dry_wet": 0.308}