{"room_size": 25.005006187836926, "reverberation_time_s": 0.3326690665816923, "lows_cutoff_frequency_hz": 57.96352583026428, "lows_q_factor": 0.9, "lows_gain_db_s": -5.8276479526175775, "highs_cutoff_frequency_hz": 9000.209293904532, "highs_q_factor": 0.9, "highs_gain_db_s": -15.556737175476616, "fade_in_time_s": 0.8552681073626058, "dry_wet": 0.075}