{"room_size": 23.398309513076615, "reverberation_time_s": 0.147853769628783, "lows_cutoff_frequency_hz": 149.72092069276994, "lows_q_factor": 0.15621548096943993, "lows_gain_db_s": 0.055298748483799454, "highs_cutoff_frequency_hz": 17000.20603063695, "highs_q_factor": 0.9, "highs_gain_db_s": -11.558960376102368, "fade_in_time_s": 0.4046113993390165, "dry_wet": 0.084}