{"room_size": 14.403610653321973, "reverberation_time_s": 2.0, "lows_cutoff_frequency_hz": 150.78544576202006, "lows_q_factor": 0.01, "lows_gain_db_s": 4.4036533366044, "highs_cutoff_frequency_hz": 8000.0, "highs_q_factor": 0.9, "highs_gain_db_s": -20.59252994197523, "fade_in_time_s": 0.5, "dry_wet": 0.017}