{"room_size": 8.964783140419389, "reverberation_time_s": 1.3424694294142088, "lows_cutoff_frequency_hz": 79.66426384538624, "lows_q_factor": 0.9, "lows_gain_db_s": -16.611662376348598, "highs_cutoff_frequency_hz": 10999.513389394799, "highs_q_factor": 0.9, "highs_gain_db_s": -22.16270064877179, "fade_in_time_s": 0.2, "dry_wet": 0.042}