{"room_size": 28.19992938888584, "reverberation_time_s": 0.46612529652099566, "lows_cutoff_frequency_hz": 148.2645762616707, "lows_q_factor": 0.9, "lows_gain_db_s": -4.845962565072401, "highs_cutoff_frequency_hz": 16000.459257029606, "highs_q_factor": 0.9, "highs_gain_db_s": -13.161706578792352, "fade_in_time_s": 0.20324433876691733, "dry_wet": 0.074}