{"room_size": 25.0, "reverberation_time_s": 0.1399123327432991, "lows_cutoff_frequency_hz": 59.00602683278813, "lows_q_factor": 0.01, "lows_gain_db_s": 2.2245246689775158, "highs_cutoff_frequency_hz": 17000.10815656195, "highs_q_factor": 0.9, "highs_gain_db_s": -12.88794319981916, "fade_in_time_s": 0.18059520565436438, "dry_wet": 0.014}