{"room_size": 24.10012067449486, "reverberation_time_s": 0.2, "lows_cutoff_frequency_hz": 60.0, "lows_q_factor": 0.1220333386292871, "lows_gain_db_s": 0.7474368372517339, "highs_cutoff_frequency_hz": 9000.794364901627, "highs_q_factor": 0.4881110302104493, "highs_gain_db_s": -16.895338651755402, "fade_in_time_s": 0.4}