{"room_size": 25.0, "reverberation_time_s": 0.37967291535213527, "lows_cutoff_frequency_hz": 60.333985614449816, "lows_q_factor": 0.43414804338459045, "lows_gain_db_s": 1.8639660678132055, "highs_cutoff_frequency_hz": 16999.135463538434, "highs_q_factor": 0.9, "highs_gain_db_s": -13.651825187283205, "fade_in_time_s": 0.2570375786070806, "dry_wet": 0.071}