{"room_size": 4.653699752783668, "reverberation_time_s": 2.554606716357128, "lows_cutoff_frequency_hz": 99.51894089743199, "lows_q_factor": 0.11367900516095142, "lows_gain_db_s": -2.9847588287236424, "highs_cutoff_frequency_hz": 8000.5603910681975, "highs_q_factor": 0.9, "highs_gain_db_s": -20.949305721561455, "fade_in_time_s": 0.7970932565617221, "dry_wet": 0.04}