{"room_size": 14.429066252778446, "reverberation_time_s": 1.5306169566275274, "lows_cutoff_frequency_hz": 80.90793129151554, "lows_q_factor": 0.9, "lows_gain_db_s": -2.4271694364610497, "highs_cutoff_frequency_hz": 13999.035710321556, "highs_q_factor": 0.9, "highs_gain_db_s": -18.123370616642198, "fade_in_time_s": 0.9245777408661169, "dry_wet": 0.201}