{"room_size": 29.430543723341163, "reverberation_time_s": 0.5, "lows_cutoff_frequency_hz": 151.49565264918354, "lows_q_factor": 0.3393567589841958, "lows_gain_db_s": -2.849469940191452, "highs_cutoff_frequency_hz": 15999.412951813752, "highs_q_factor": 0.9, "highs_gain_db_s": -12.615678354594504, "fade_in_time_s": 0.7988483419665624}