{"room_size": 15.70668274435362, "reverberation_time_s": 2.6152590747162336, "lows_cutoff_frequency_hz": 150.49365683489327, "lows_q_factor": 0.9, "lows_gain_db_s": -1.0719704439578297, "highs_cutoff_frequency_hz": 12999.19180032298, "highs_q_factor": 0.3706323526999421, "highs_gain_db_s": -21.4796875961663, "fade_in_time_s": 0.6943697454376876, "dry_wet": 0.133}