{"room_size": 15.0, "reverberation_time_s": 2.440139933942215, "lows_cutoff_frequency_hz": 100.32694857975103, "lows_q_factor": 0.9, "lows_gain_db_s": -10.0, "highs_cutoff_frequency_hz": 8000.443506322846, "highs_q_factor": 0.9, "highs_gain_db_s": -21.06686774065105, "fade_in_time_s": 0.5}