{"room_size": 6.173519523798383, "reverberation_time_s": 3.0, "lows_cutoff_frequency_hz": 50.00050812884947, "lows_q_factor": 0.01, "lows_gain_db_s": -1.6757264808857177, "highs_cutoff_frequency_hz": 8000.715292569755, "highs_q_factor": 0.49307833835963877, "highs_gain_db_s": -21.55691230681048, "fade_in_time_s": 1.0899328564624533, "dry_wet": 0.06}