{"room_size": 4.829575519799809, "reverberation_time_s": 2.0, "lows_cutoff_frequency_hz": 100.54055613423715, "lows_q_factor": 0.9, "lows_gain_db_s": -4.405624883849457, "highs_cutoff_frequency_hz": 7999.861856982474, "highs_q_factor": 0.9, "highs_gain_db_s": -21.255312372113625, "fade_in_time_s": 0.8878800147138418}