{"room_size": 9.770345392970498, "reverberation_time_s": 0.2, "lows_cutoff_frequency_hz": 59.61804241700885, "lows_q_factor": 0.01, "lows_gain_db_s": 0.8854349996857191, "highs_cutoff_frequency_hz": 16999.709580841307, "highs_q_factor": 0.9, "highs_gain_db_s": -12.537938479145678, "fade_in_time_s": 0.39767719733227164, "dry_wet": 0.212}