{"room_size": 10.494181995130312, "reverberation_time_s": 1.5003602103229565, "lows_cutoff_frequency_hz": 80.3225144646565, "lows_q_factor": 0.01, "lows_gain_db_s": 3.9846166022513403, "highs_cutoff_frequency_hz": 8000.0, "highs_q_factor": 0.9, "highs_gain_db_s": -20.671859925833985, "fade_in_time_s": 0.17543507851136542, "dry_wet": 0.35}