{"room_size": 29.428587771910323, "reverberation_time_s": 0.5, "lows_cutoff_frequency_hz": 151.04734753080473, "lows_q_factor": 0.9, "lows_gain_db_s": -5.0, "highs_cutoff_frequency_hz": 16000.117948977639, "highs_q_factor": 0.7301162259732067, "highs_gain_db_s": -20.75889022671424, "fade_in_time_s": 0.892201172628059, "dry_wet": 0.104}