{"room_size": 5.531699733061605, "reverberation_time_s": 2.9396618193028585, "lows_cutoff_frequency_hz": 119.77876206987673, "lows_q_factor": 0.9, "lows_gain_db_s": -2.929385450130134, "highs_cutoff_frequency_hz": 10000.671093761175, "highs_q_factor": 0.9, "highs_gain_db_s": -21.60490119289806, "fade_in_time_s": 0.810590350500193, "dry_wet": 0.072}