{"room_size": 9.003968630537022, "reverberation_time_s": 0.3687691188453077, "lows_cutoff_frequency_hz": 149.10748870640975, "lows_q_factor": 0.9, "lows_gain_db_s": -4.224012162834163, "highs_cutoff_frequency_hz": 15999.821233956425, "highs_q_factor": 0.9, "highs_gain_db_s": -12.887587325560196, "fade_in_time_s": 0.22118842258912902, "dry_wet": 0.127}