{"room_size": 28.120816091339904, "reverberation_time_s": 0.5, "lows_cutoff_frequency_hz": 61.61695793129299, "lows_q_factor": 0.01, "lows_gain_db_s": 0.9812107755101662, "highs_cutoff_frequency_hz": 17000.37715869292, "highs_q_factor": 0.9, "highs_gain_db_s": -13.246664495356866, "fade_in_time_s": 0.09857784664305952, "dry_wet": 0.362}