{"room_size": 24.414918616642076, "reverberation_time_s": 0.2813823729301919, "lows_cutoff_frequency_hz": 59.23537332665311, "lows_q_factor": 0.9, "lows_gain_db_s": 1.8402911509146493, "highs_cutoff_frequency_hz": 17000.31351963819, "highs_q_factor": 0.9, "highs_gain_db_s": -7.797407985533095, "fade_in_time_s": 0.6463395957538685}