{"room_size": 25.049818410030348, "reverberation_time_s": 0.22533964209151397, "lows_cutoff_frequency_hz": 60.40248282199024, "lows_q_factor": 0.9, "lows_gain_db_s": 1.2445231610062242, "highs_cutoff_frequency_hz": 17000.399694548993, "highs_q_factor": 0.9, "highs_gain_db_s": -12.408135602682759, "fade_in_time_s": 0.3, "dry_wet": 0.162}