{"room_size": 25.0, "reverberation_time_s": 0.31832822837331404, "lows_cutoff_frequency_hz": 59.82402174622894, "lows_q_factor": 0.5055939217267994, "lows_gain_db_s": -6.341612436838644, "highs_cutoff_frequency_hz": 16998.58722232894, "highs_q_factor": 0.580009797150253, "highs_gain_db_s": -12.996412188395855, "fade_in_time_s": 0.6606603537011739, "dry_wet": 0.163}