{"room_size": 6.226513752156981, "reverberation_time_s": 3.6747494320657523, "lows_cutoff_frequency_hz": 48.325267883197256, "lows_q_factor": 0.5768687637065081, "lows_gain_db_s": -1.0, "highs_cutoff_frequency_hz": 12000.0, "highs_q_factor": 0.716225689065524, "highs_gain_db_s": -10.0, "fade_in_time_s": 1.82907207428113, "dry_wet": 0.204}