{"room_size": 5.439015715644795, "reverberation_time_s": 2.5985485002907076, "lows_cutoff_frequency_hz": 49.80602250993353, "lows_q_factor": 0.4250919525842942, "lows_gain_db_s": -1.262801935749423, "highs_cutoff_frequency_hz": 12000.999096418976, "highs_q_factor": 0.7372708501400548, "highs_gain_db_s": -19.274295071422014, "fade_in_time_s": 1.6375736490050092}