{"room_size": 5.7821174591646, "reverberation_time_s": 3.366961660481463, "lows_cutoff_frequency_hz": 49.486396252448955, "lows_q_factor": 0.9, "lows_gain_db_s": 5.764283753798197, "highs_cutoff_frequency_hz": 7998.397833886544, "highs_q_factor": 0.9, "highs_gain_db_s": -19.62010027826626, "fade_in_time_s": 1.1037461807354152}