{"room_size": 24.146657394244176, "reverberation_time_s": 0.22719757697983384, "lows_cutoff_frequency_hz": 59.92793358943586, "lows_q_factor": 0.01, "lows_gain_db_s": 1.0, "highs_cutoff_frequency_hz": 15999.399895516646, "highs_q_factor": 0.9, "highs_gain_db_s": -7.348937539836051, "fade_in_time_s": 0.5275100004108555}