{"room_size": 28.63647298573048, "reverberation_time_s": 0.44286016143427376, "lows_cutoff_frequency_hz": 150.8267793929427, "lows_q_factor": 0.9, "lows_gain_db_s": -4.019820766640137, "highs_cutoff_frequency_hz": 16000.0, "highs_q_factor": 0.9, "highs_gain_db_s": -8.959972938625802, "fade_in_time_s": 0.2, "dry_wet": 0.208}