{"room_size": 13.149546696877449, "reverberation_time_s": 2.0, "lows_cutoff_frequency_hz": 149.10444651388664, "lows_q_factor": 0.027987475912527038, "lows_gain_db_s": 3.0, "highs_cutoff_frequency_hz": 8000.874682493139, "highs_q_factor": 0.9, "highs_gain_db_s": -20.318483617705716, "fade_in_time_s": 0.5, "dry_wet": 0.025}