{"room_size": 5.870914701961484, "reverberation_time_s": 3.8533847155715923, "lows_cutoff_frequency_hz": 49.32977033787506, "lows_q_factor": 0.7186246376869673, "lows_gain_db_s": -1.0, "highs_cutoff_frequency_hz": 12000.759680086012, "highs_q_factor": 0.6922240633056133, "highs_gain_db_s": -5.164761883502034, "fade_in_time_s": 1.5589303213678918, "dry_wet": 0.025}