{"room_size": 4.651317424553407, "reverberation_time_s": 2.0607204303739874, "lows_cutoff_frequency_hz": 148.8599514085712, "lows_q_factor": 0.9, "lows_gain_db_s": 3.4023076154113587, "highs_cutoff_frequency_hz": 8000.860082146749, "highs_q_factor": 0.9, "highs_gain_db_s": -18.366617614087122, "fade_in_time_s": 0.02526174127373415, "dry_wet": 0.044}