{"room_size": 3.9123744346796494, "reverberation_time_s": 1.9131454033615698, "lows_cutoff_frequency_hz": 100.02132298804655, "lows_q_factor": 0.01, "lows_gain_db_s": 3.338335211479035, "highs_cutoff_frequency_hz": 8000.748033114418, "highs_q_factor": 0.9, "highs_gain_db_s": -20.44322948764308, "fade_in_time_s": 0.5, "dry_wet": 0.044}