{"room_size": 23.57823285127099, "reverberation_time_s": 0.2, "lows_cutoff_frequency_hz": 59.12451887510322, "lows_q_factor": 0.9, "lows_gain_db_s": -4.901045426974523, "highs_cutoff_frequency_hz": 16000.981194474589, "highs_q_factor": 0.9, "highs_gain_db_s": -7.941756831126546, "fade_in_time_s": 0.5304951548997288}