{"room_size": 9.539641469086044, "reverberation_time_s": 0.9406043494890013, "lows_cutoff_frequency_hz": 199.95636617655003, "lows_q_factor": 0.9, "lows_gain_db_s": -17.50913153159864, "highs_cutoff_frequency_hz": 10998.65793274473, "highs_q_factor": 0.9, "highs_gain_db_s": -21.362055388936465, "fade_in_time_s": 0.2, "dry_wet": 0.113}