{"room_size": 13.956363362763666, "reverberation_time_s": 1.8789541999930837, "lows_cutoff_frequency_hz": 100.39124646105171, "lows_q_factor": 0.9, "lows_gain_db_s": -10.112053369176817, "highs_cutoff_frequency_hz": 10000.0, "highs_q_factor": 0.4998277038661999, "highs_gain_db_s": -1.6306744450814104, "fade_in_time_s": 0.09946958278101137, "dry_wet": 0.031}