{"room_size": 9.336112460232684, "reverberation_time_s": 0.2, "lows_cutoff_frequency_hz": 59.82850038722976, "lows_q_factor": 0.9, "lows_gain_db_s": 1.3361803662229248, "highs_cutoff_frequency_hz": 17000.80366469835, "highs_q_factor": 0.9, "highs_gain_db_s": -13.121734799189037, "fade_in_time_s": 0.4652254734828169, "dry_wet": 0.038}