{"room_size": 14.219914417644597, "reverberation_time_s": 3.0, "lows_cutoff_frequency_hz": 50.290052867789505, "lows_q_factor": 0.01, "lows_gain_db_s": 3.2294228649457866, "highs_cutoff_frequency_hz": 8000.0, "highs_q_factor": 0.9, "highs_gain_db_s": -20.25078166806309, "fade_in_time_s": 0.5}