{"room_size": 11.926595746804239, "reverberation_time_s": 1.0, "lows_cutoff_frequency_hz": 199.3093466106025, "lows_q_factor": 0.5094905567237732, "lows_gain_db_s": -14.99971055052724, "highs_cutoff_frequency_hz": 8999.968748417108, "highs_q_factor": 0.9, "highs_gain_db_s": -20.82959182947195, "fade_in_time_s": 0.08665229106196809, "dry_wet": 0.048}