{"room_size": 8.20061386216103, "reverberation_time_s": 1.6877124482997616, "lows_cutoff_frequency_hz": 79.85397796117589, "lows_q_factor": 0.5380073418456258, "lows_gain_db_s": -2.890051487013511, "highs_cutoff_frequency_hz": 7999.910356772001, "highs_q_factor": 0.9, "highs_gain_db_s": -22.098933765732184, "fade_in_time_s": 0.316206774630884}