{"room_size": 29.92766318942895, "reverberation_time_s": 0.5971597986332375, "lows_cutoff_frequency_hz": 151.16862054323946, "lows_q_factor": 0.9, "lows_gain_db_s": 0.06248379744171184, "highs_cutoff_frequency_hz": 17000.17782911071, "highs_q_factor": 0.9, "highs_gain_db_s": -11.289186207867129, "fade_in_time_s": 0.41695751612098864, "dry_wet": 0.104}