{"room_size": 15.0, "reverberation_time_s": 1.355845719562212, "lows_cutoff_frequency_hz": 78.20244121928249, "lows_q_factor": 0.9, "lows_gain_db_s": -2.2289461227736718, "highs_cutoff_frequency_hz": 10998.873304130379, "highs_q_factor": 0.9, "highs_gain_db_s": -19.530574656603125, "fade_in_time_s": 0.36515069585760124, "dry_wet": 0.069}