{"room_size": 20.0, "reverberation_time_s": 0.9230460372307667, "lows_cutoff_frequency_hz": 50.74114131977703, "lows_q_factor": 0.5840011081531885, "lows_gain_db_s": 2.9786949304854513, "highs_cutoff_frequency_hz": 8999.228710307656, "highs_q_factor": 0.9, "highs_gain_db_s": -14.121375545001348, "fade_in_time_s": 1.4779302159452805}