{"room_size": 20.46002426006805, "reverberation_time_s": 0.8936985577168657, "lows_cutoff_frequency_hz": 50.0, "lows_q_factor": 0.2550271142521948, "lows_gain_db_s": 2.0, "highs_cutoff_frequency_hz": 9000.655637462783, "highs_q_factor": 0.9, "highs_gain_db_s": -16.47197144213074, "fade_in_time_s": 0.4470813775136494}