{"room_size": 4.352123121610569, "reverberation_time_s": 3.119466640075235, "lows_cutoff_frequency_hz": 49.802961352514984, "lows_q_factor": 0.9, "lows_gain_db_s": 3.0, "highs_cutoff_frequency_hz": 8000.141051948216, "highs_q_factor": 0.6796045395739, "highs_gain_db_s": -20.0, "fade_in_time_s": 2.139023420193052, "dry_wet": 0.05}