{"room_size": 20.0, "reverberation_time_s": 1.5, "lows_cutoff_frequency_hz": 81.40139753587401, "lows_q_factor": 0.8415000737630106, "lows_gain_db_s": -2.1883185649521684, "highs_cutoff_frequency_hz": 8999.932171935632, "highs_q_factor": 0.9, "highs_gain_db_s": -15.916816570760483, "fade_in_time_s": 0.5, "dry_wet": 0.052}