{"room_size": 19.71739176075269, "reverberation_time_s": 0.9073650623112648, "lows_cutoff_frequency_hz": 50.15361933647552, "lows_q_factor": 0.01, "lows_gain_db_s": 1.4546195216895477, "highs_cutoff_frequency_hz": 9000.0, "highs_q_factor": 0.9, "highs_gain_db_s": -15.0, "fade_in_time_s": 0.4}