{"room_size": 15.0, "reverberation_time_s": 1.2641098921434002, "lows_cutoff_frequency_hz": 79.18822723297953, "lows_q_factor": 0.9, "lows_gain_db_s": -1.9843132738781206, "highs_cutoff_frequency_hz": 14000.433031650009, "highs_q_factor": 0.9, "highs_gain_db_s": -15.986035855711172, "fade_in_time_s": 0.5108825086201619, "dry_wet": 0.052}