{"room_size": 29.974328899341756, "reverberation_time_s": 0.5767989777870548, "lows_cutoff_frequency_hz": 149.2925892506884, "lows_q_factor": 0.2898895791763315, "lows_gain_db_s": -4.506406001085242, "highs_cutoff_frequency_hz": 9000.056415429337, "highs_q_factor": 0.9, "highs_gain_db_s": -8.825263367639607, "fade_in_time_s": 1.0736278696304309, "dry_wet": 0.091}