{"room_size": 20.3711100328039, "reverberation_time_s": 1.0, "lows_cutoff_frequency_hz": 51.118652800306634, "lows_q_factor": 0.01, "lows_gain_db_s": 2.7030181620509137, "highs_cutoff_frequency_hz": 9001.991377565573, "highs_q_factor": 0.9, "highs_gain_db_s": -16.46680836599894, "fade_in_time_s": 1.2354840836582293, "dry_wet": 0.162}