{"room_size": 15.62256011054025, "reverberation_time_s": 1.7605297042380856, "lows_cutoff_frequency_hz": 150.1690613965106, "lows_q_factor": 0.3406049562131974, "lows_gain_db_s": 3.7632811995519835, "highs_cutoff_frequency_hz": 8000.183376484829, "highs_q_factor": 0.9, "highs_gain_db_s": -20.453544594006623, "fade_in_time_s": 1.3418030873018492}