{"room_size": 25.0, "reverberation_time_s": 0.2429730782846043, "lows_cutoff_frequency_hz": 60.44405633021506, "lows_q_factor": 0.01, "lows_gain_db_s": 1.0378214767594929, "highs_cutoff_frequency_hz": 17000.0, "highs_q_factor": 0.6483395652513172, "highs_gain_db_s": -12.479330833104232, "fade_in_time_s": 0.481235007451523, "dry_wet": 0.144}