{"room_size": 29.200933301330426, "reverberation_time_s": 0.5965757122450726, "lows_cutoff_frequency_hz": 150.05633134800888, "lows_q_factor": 0.09340614067184239, "lows_gain_db_s": -5.709279307635205, "highs_cutoff_frequency_hz": 9000.0, "highs_q_factor": 0.01, "highs_gain_db_s": -8.811579417123692, "fade_in_time_s": 1.0071965560807739}