{"room_size": 10.0, "reverberation_time_s": 1.3669623323621134, "lows_cutoff_frequency_hz": 80.64375950219703, "lows_q_factor": 0.4646119684836637, "lows_gain_db_s": -4.589707718049387, "highs_cutoff_frequency_hz": 14000.692214473194, "highs_q_factor": 0.6172527680913144, "highs_gain_db_s": -14.43276247360557, "fade_in_time_s": 1.3496342703860296, "dry_wet": 0.02}