{"room_size": 6.575367157936584, "reverberation_time_s": 1.9365248747223816, "lows_cutoff_frequency_hz": 149.5026175500185, "lows_q_factor": 0.020938717218435765, "lows_gain_db_s": 3.034247142037634, "highs_cutoff_frequency_hz": 8000.520226913553, "highs_q_factor": 0.9, "highs_gain_db_s": -20.0, "fade_in_time_s": 0.5435094408498695, "dry_wet": 0.041}