{"room_size": 23.890429915720787, "reverberation_time_s": 0.2, "lows_cutoff_frequency_hz": 59.7396070282108, "lows_q_factor": 0.9, "lows_gain_db_s": -3.452335988973097, "highs_cutoff_frequency_hz": 16999.464319076094, "highs_q_factor": 0.9, "highs_gain_db_s": -10.14438586142241, "fade_in_time_s": 0.4833049825078198}