{"room_size": 13.597104378362925, "reverberation_time_s": 2.2073905719992526, "lows_cutoff_frequency_hz": 150.0, "lows_q_factor": 0.01, "lows_gain_db_s": 3.2231822719580814, "highs_cutoff_frequency_hz": 7999.479299713362, "highs_q_factor": 0.20840458812196527, "highs_gain_db_s": -20.0, "fade_in_time_s": 0.25941235277294117, "dry_wet": 0.11}