{"room_size": 3.9247378550358896, "reverberation_time_s": 3.5248581616637904, "lows_cutoff_frequency_hz": 149.7086666036279, "lows_q_factor": 0.01, "lows_gain_db_s": 4.359926780831497, "highs_cutoff_frequency_hz": 7999.267797068149, "highs_q_factor": 0.15370714329255308, "highs_gain_db_s": -20.0, "fade_in_time_s": 0.917559981225258, "dry_wet": 0.12}