{"room_size": 4.903362634586198, "reverberation_time_s": 3.1726308297017347, "lows_cutoff_frequency_hz": 50.43409095385996, "lows_q_factor": 0.01, "lows_gain_db_s": 3.6857407653160252, "highs_cutoff_frequency_hz": 8001.172169086953, "highs_q_factor": 0.9, "highs_gain_db_s": -22.19849226733006, "fade_in_time_s": 0.8059576107362125, "dry_wet": 0.286}