{"room_size": 5.2591944001780755, "reverberation_time_s": 3.908072353937345, "lows_cutoff_frequency_hz": 49.18057083036725, "lows_q_factor": 0.62232991871284, "lows_gain_db_s": -1.0, "highs_cutoff_frequency_hz": 8000.312031554071, "highs_q_factor": 0.6909118291044064, "highs_gain_db_s": -20.63047829875793, "fade_in_time_s": 2.14935907771231, "dry_wet": 0.118}