{"room_size": 10.819188900542208, "reverberation_time_s": 1.7690668572770616, "lows_cutoff_frequency_hz": 81.58096640025228, "lows_q_factor": 0.9, "lows_gain_db_s": -3.3908717837285898, "highs_cutoff_frequency_hz": 7999.187618055907, "highs_q_factor": 0.9, "highs_gain_db_s": -21.80773899876953, "fade_in_time_s": 1.088623117813821, "dry_wet": 0.053}