{"room_size": 26.880153491687246, "reverberation_time_s": 0.30644440487707963, "lows_cutoff_frequency_hz": 60.675300614997056, "lows_q_factor": 0.073005255914255, "lows_gain_db_s": 0.20862022110007006, "highs_cutoff_frequency_hz": 17000.0, "highs_q_factor": 0.9, "highs_gain_db_s": -12.25919020483855, "fade_in_time_s": 0.30946065393901234}