{"room_size": 24.23586353777496, "reverberation_time_s": 0.2038042165158374, "lows_cutoff_frequency_hz": 60.80260934830968, "lows_q_factor": 0.01, "lows_gain_db_s": 1.0, "highs_cutoff_frequency_hz": 16998.706906366122, "highs_q_factor": 0.9, "highs_gain_db_s": -7.523261610402027, "fade_in_time_s": 0.2}