{"room_size": 13.80936797534591, "reverberation_time_s": 1.6123469419891971, "lows_cutoff_frequency_hz": 149.50350521648278, "lows_q_factor": 0.7743833074412302, "lows_gain_db_s": -8.524202640730778, "highs_cutoff_frequency_hz": 7998.841473825646, "highs_q_factor": 0.9, "highs_gain_db_s": -20.599185755785534, "fade_in_time_s": 0.28384990827357015, "dry_wet": 0.158}