{"room_size": 12.309826914375527, "reverberation_time_s": 2.0, "lows_cutoff_frequency_hz": 100.71848294863672, "lows_q_factor": 0.28493378018279814, "lows_gain_db_s": -3.1062777191802184, "highs_cutoff_frequency_hz": 12998.256223623785, "highs_q_factor": 0.9, "highs_gain_db_s": -10.302861121784636, "fade_in_time_s": 0.4, "dry_wet": 0.297}