{"room_size": 9.271798849664659, "reverberation_time_s": 1.188512844619249, "lows_cutoff_frequency_hz": 199.43984202461098, "lows_q_factor": 0.9, "lows_gain_db_s": -15.0, "highs_cutoff_frequency_hz": 11000.0, "highs_q_factor": 0.9, "highs_gain_db_s": -21.210520048642024, "fade_in_time_s": 0.2, "dry_wet": 0.086}