{"room_size": 15.96366093746745, "reverberation_time_s": 2.603983255009622, "lows_cutoff_frequency_hz": 49.93534854762582, "lows_q_factor": 0.9, "lows_gain_db_s": 3.3797196290988514, "highs_cutoff_frequency_hz": 7999.503952067452, "highs_q_factor": 0.9, "highs_gain_db_s": -20.555809450679536, "fade_in_time_s": 1.333993043147103, "dry_wet": 0.031}