{"room_size": 6.251005811936218, "reverberation_time_s": 3.6339723057532813, "lows_cutoff_frequency_hz": 48.954347591456845, "lows_q_factor": 0.01, "lows_gain_db_s": -1.0, "highs_cutoff_frequency_hz": 12000.053176715928, "highs_q_factor": 0.44080178330340647, "highs_gain_db_s": -21.61182306343456, "fade_in_time_s": 1.52721185377713, "dry_wet": 0.072}