{"room_size": 9.41265269817505, "reverberation_time_s": 1.5, "lows_cutoff_frequency_hz": 149.29763646992072, "lows_q_factor": 0.9, "lows_gain_db_s": 2.782007357287134, "highs_cutoff_frequency_hz": 8000.780228381993, "highs_q_factor": 0.9, "highs_gain_db_s": -20.0, "fade_in_time_s": 0.5, "dry_wet": 0.084}