{"room_size": 15.036333901336587, "reverberation_time_s": 1.765132697073851, "lows_cutoff_frequency_hz": 120.0, "lows_q_factor": 0.9, "lows_gain_db_s": -2.5602441206405167, "highs_cutoff_frequency_hz": 14000.420086057424, "highs_q_factor": 0.7382227161922504, "highs_gain_db_s": -3.4483839245990873, "fade_in_time_s": 1.59370993443518, "dry_wet": 0.417}