{"room_size": 5.0, "reverberation_time_s": 3.305604231804174, "lows_cutoff_frequency_hz": 49.10780407026695, "lows_q_factor": 0.01, "lows_gain_db_s": -2.2644101720739, "highs_cutoff_frequency_hz": 12000.322977111824, "highs_q_factor": 0.3904393635806197, "highs_gain_db_s": -10.0, "fade_in_time_s": 1.2521136623262934, "dry_wet": 0.032}