{"room_size": 5.587726676800828, "reverberation_time_s": 2.4418214249422387, "lows_cutoff_frequency_hz": 100.88324458797412, "lows_q_factor": 0.01, "lows_gain_db_s": -4.324329765476094, "highs_cutoff_frequency_hz": 15001.285212700905, "highs_q_factor": 0.9, "highs_gain_db_s": -5.421183699814936, "fade_in_time_s": 0.6054440587693609}