{"room_size": 15.0, "reverberation_time_s": 2.2436209010700443, "lows_cutoff_frequency_hz": 150.1154457123613, "lows_q_factor": 0.9, "lows_gain_db_s": 3.0592161391502772, "highs_cutoff_frequency_hz": 8000.51185274582, "highs_q_factor": 0.9, "highs_gain_db_s": -21.826272999240754, "fade_in_time_s": 0.5593910576837844}