{"room_size": 10.359991949809938, "reverberation_time_s": 1.5317678939382517, "lows_cutoff_frequency_hz": 79.32460498637478, "lows_q_factor": 0.9, "lows_gain_db_s": -2.7224316200151777, "highs_cutoff_frequency_hz": 13999.400932990717, "highs_q_factor": 0.9, "highs_gain_db_s": -21.392088054477583, "fade_in_time_s": 0.1640506577377978, "dry_wet": 0.359}