{"room_size": 9.299010432898596, "reverberation_time_s": 0.7723304618777282, "lows_cutoff_frequency_hz": 200.0, "lows_q_factor": 0.9, "lows_gain_db_s": -15.0, "highs_cutoff_frequency_hz": 10998.773412071012, "highs_q_factor": 0.7002132900870296, "highs_gain_db_s": -21.68903655789537, "fade_in_time_s": 0.2, "dry_wet": 0.261}