{"room_size": 15.382855858343701, "reverberation_time_s": 2.2652326372750906, "lows_cutoff_frequency_hz": 149.93456194726238, "lows_q_factor": 0.01, "lows_gain_db_s": 2.2840429266472224, "highs_cutoff_frequency_hz": 8000.0, "highs_q_factor": 0.5116510259674744, "highs_gain_db_s": -20.349731235447052, "fade_in_time_s": 1.5436555832113001, "dry_wet": 0.022}