{"room_size": 20.0, "reverberation_time_s": 1.031820804661526, "lows_cutoff_frequency_hz": 50.0, "lows_q_factor": 0.9, "lows_gain_db_s": -14.010422522042091, "highs_cutoff_frequency_hz": 9001.434599330514, "highs_q_factor": 0.6867973278445788, "highs_gain_db_s": -20.425953773060797, "fade_in_time_s": 0.2}