{"room_size": 8.331949665783318, "reverberation_time_s": 1.0141026170098306, "lows_cutoff_frequency_hz": 201.28581499763675, "lows_q_factor": 0.9, "lows_gain_db_s": -14.414530397123471, "highs_cutoff_frequency_hz": 11000.0, "highs_q_factor": 0.9, "highs_gain_db_s": -21.159080270901658, "fade_in_time_s": 0.2}