{"room_size": 5.267702465440935, "reverberation_time_s": 3.779409068496225, "lows_cutoff_frequency_hz": 49.671547346962704, "lows_q_factor": 0.9, "lows_gain_db_s": -1.2957429156830789, "highs_cutoff_frequency_hz": 7998.76498626991, "highs_q_factor": 0.9, "highs_gain_db_s": -20.716327590565417, "fade_in_time_s": 2.2855954193304218}