{"room_size": 5.854844083683477, "reverberation_time_s": 1.9201269711465838, "lows_cutoff_frequency_hz": 99.76354539859037, "lows_q_factor": 0.9, "lows_gain_db_s": 2.7388958162713486, "highs_cutoff_frequency_hz": 7999.002572193091, "highs_q_factor": 0.8049940485936075, "highs_gain_db_s": -22.37593846713945, "fade_in_time_s": 0.5}