{"room_size": 24.63266448932791, "reverberation_time_s": 0.2, "lows_cutoff_frequency_hz": 61.32064033529803, "lows_q_factor": 0.01, "lows_gain_db_s": 1.5054465958144885, "highs_cutoff_frequency_hz": 16998.647165550687, "highs_q_factor": 0.01, "highs_gain_db_s": -8.713884144505469, "fade_in_time_s": 0.2}