{"room_size": 10.0, "reverberation_time_s": 1.544803126241369, "lows_cutoff_frequency_hz": 79.38674945747496, "lows_q_factor": 0.9, "lows_gain_db_s": 2.6957970360847296, "highs_cutoff_frequency_hz": 7998.931887686337, "highs_q_factor": 0.9, "highs_gain_db_s": -21.76373920256201, "fade_in_time_s": 0.5}