{"room_size": 5.616215867938436, "reverberation_time_s": 3.483557277628834, "lows_cutoff_frequency_hz": 51.28418300325708, "lows_q_factor": 0.24923994856081955, "lows_gain_db_s": 2.99646423333849, "highs_cutoff_frequency_hz": 7999.702993587563, "highs_q_factor": 0.9, "highs_gain_db_s": -20.0, "fade_in_time_s": 1.432031405040862}