{"room_size": 14.495389967173242, "reverberation_time_s": 2.252489973468674, "lows_cutoff_frequency_hz": 121.18101214678931, "lows_q_factor": 0.41309654225944137, "lows_gain_db_s": 3.0, "highs_cutoff_frequency_hz": 7999.150856601492, "highs_q_factor": 0.4332611028196397, "highs_gain_db_s": -20.0, "fade_in_time_s": 1.8640896790969483}