{"room_size": 25.209909901414253, "reverberation_time_s": 0.5507109647089821, "lows_cutoff_frequency_hz": 150.45746489911213, "lows_q_factor": 0.9, "lows_gain_db_s": -4.969564178640116, "highs_cutoff_frequency_hz": 16000.858821769802, "highs_q_factor": 0.9, "highs_gain_db_s": -9.252028881334954, "fade_in_time_s": 0.22370203286961116}