{"room_size": 14.870203606777295, "reverberation_time_s": 2.0, "lows_cutoff_frequency_hz": 150.40713420253076, "lows_q_factor": 0.01, "lows_gain_db_s": 4.726861713066195, "highs_cutoff_frequency_hz": 7999.860708627389, "highs_q_factor": 0.9, "highs_gain_db_s": -20.0, "fade_in_time_s": 0.7886965018987355}