{"room_size": 30.0, "reverberation_time_s": 0.5989419572594097, "lows_cutoff_frequency_hz": 149.05568729256385, "lows_q_factor": 0.9, "lows_gain_db_s": -5.544236626327675, "highs_cutoff_frequency_hz": 15999.98621133512, "highs_q_factor": 0.5431016579877942, "highs_gain_db_s": -20.0, "fade_in_time_s": 0.2}