{"room_size": 16.567632994011344, "reverberation_time_s": 2.0, "lows_cutoff_frequency_hz": 149.026217559136, "lows_q_factor": 0.4218128751413913, "lows_gain_db_s": 3.2607312945459617, "highs_cutoff_frequency_hz": 8000.0, "highs_q_factor": 0.9, "highs_gain_db_s": -21.5776987272928, "fade_in_time_s": 0.4}