{"room_size": 9.474849462202773, "reverberation_time_s": 0.2, "lows_cutoff_frequency_hz": 60.69908659248733, "lows_q_factor": 0.9, "lows_gain_db_s": 2.585863148593144, "highs_cutoff_frequency_hz": 17000.7951814648, "highs_q_factor": 0.9, "highs_gain_db_s": -13.60213728150818, "fade_in_time_s": 0.4296886901959069}