{"room_size": 20.200194027936906, "reverberation_time_s": 0.8168008059302663, "lows_cutoff_frequency_hz": 49.73363870407002, "lows_q_factor": 0.8112789200827225, "lows_gain_db_s": -14.43292673804909, "highs_cutoff_frequency_hz": 10999.750774441973, "highs_q_factor": 0.9, "highs_gain_db_s": -21.17260534577743, "fade_in_time_s": 1.1800496834627392}