{"room_size": 10.505584828009273, "reverberation_time_s": 1.5, "lows_cutoff_frequency_hz": 79.91545314636966, "lows_q_factor": 0.9, "lows_gain_db_s": 2.03900203266455, "highs_cutoff_frequency_hz": 7999.868136072598, "highs_q_factor": 0.9, "highs_gain_db_s": -20.91471667638802, "fade_in_time_s": 0.9162345273675743}