{"room_size": 16.426486822648364, "reverberation_time_s": 3.8538202880857213, "lows_cutoff_frequency_hz": 51.04940197304221, "lows_q_factor": 0.9, "lows_gain_db_s": -1.0541775685599317, "highs_cutoff_frequency_hz": 12000.0, "highs_q_factor": 0.720466483212015, "highs_gain_db_s": -20.0, "fade_in_time_s": 0.1914719427877345}