{"room_size": 14.135535418297112, "reverberation_time_s": 2.0, "lows_cutoff_frequency_hz": 99.42961387302907, "lows_q_factor": 0.6823948478301368, "lows_gain_db_s": -10.204822535386434, "highs_cutoff_frequency_hz": 10000.51111479824, "highs_q_factor": 0.9, "highs_gain_db_s": -19.094889141678145, "fade_in_time_s": 0.2522518522161096}