{"room_size": 13.383342745222109, "reverberation_time_s": 2.0, "lows_cutoff_frequency_hz": 150.42257528576832, "lows_q_factor": 0.01, "lows_gain_db_s": 3.686965228313979, "highs_cutoff_frequency_hz": 7999.329482332567, "highs_q_factor": 0.8654906478617218, "highs_gain_db_s": -20.0, "fade_in_time_s": 0.3882240764811271}