{"room_size": 14.759334809025516, "reverberation_time_s": 1.8053379689695102, "lows_cutoff_frequency_hz": 119.59575669890975, "lows_q_factor": 0.9, "lows_gain_db_s": -2.30368154212183, "highs_cutoff_frequency_hz": 13000.267945946416, "highs_q_factor": 0.9, "highs_gain_db_s": -5.242663767192875, "fade_in_time_s": 0.22557157809043216}