{"room_size": 29.990227554140475, "reverberation_time_s": 0.4414022929482748, "lows_cutoff_frequency_hz": 149.54033353238086, "lows_q_factor": 0.01, "lows_gain_db_s": 1.3929696824768767, "highs_cutoff_frequency_hz": 17000.572668117497, "highs_q_factor": 0.9, "highs_gain_db_s": -11.604883100372742, "fade_in_time_s": 2.6200064229994178}