{"room_size": 5.674372158408334, "reverberation_time_s": 3.0, "lows_cutoff_frequency_hz": 49.11777367575203, "lows_q_factor": 0.5263340524383605, "lows_gain_db_s": -1.4687281791796412, "highs_cutoff_frequency_hz": 11999.004157381234, "highs_q_factor": 0.326870784925412, "highs_gain_db_s": -5.0, "fade_in_time_s": 2.537274145569688}