{"room_size": 10.909846266954702, "reverberation_time_s": 1.1893207468824873, "lows_cutoff_frequency_hz": 200.0, "lows_q_factor": 0.9, "lows_gain_db_s": -16.995762415404293, "highs_cutoff_frequency_hz": 11000.088748857122, "highs_q_factor": 0.9, "highs_gain_db_s": -20.0, "fade_in_time_s": 0.2}