{"room_size": 4.878564596344203, "reverberation_time_s": 3.521567091421831, "lows_cutoff_frequency_hz": 151.09151942145465, "lows_q_factor": 0.36446436973583174, "lows_gain_db_s": 4.240022691255758, "highs_cutoff_frequency_hz": 8000.0, "highs_q_factor": 0.9, "highs_gain_db_s": -18.537624574832446, "fade_in_time_s": 1.443791501005724}