{"room_size": 5.529101990322968, "reverberation_time_s": 3.487717637850724, "lows_cutoff_frequency_hz": 49.74213380885954, "lows_q_factor": 0.9, "lows_gain_db_s": 2.549818932273398, "highs_cutoff_frequency_hz": 7998.684386809353, "highs_q_factor": 0.9, "highs_gain_db_s": -21.19787144782672, "fade_in_time_s": 1.368986457864401}