{"room_size": 9.159176639662594, "reverberation_time_s": 0.8277534296716249, "lows_cutoff_frequency_hz": 200.0, "lows_q_factor": 0.9, "lows_gain_db_s": 2.847188532966344, "highs_cutoff_frequency_hz": 10999.79498173218, "highs_q_factor": 0.7812358943241821, "highs_gain_db_s": -20.326892867611836, "fade_in_time_s": 0.21816053559255782}