{"room_size": 9.040293574665078, "reverberation_time_s": 0.8569856804871874, "lows_cutoff_frequency_hz": 199.330966393591, "lows_q_factor": 0.9, "lows_gain_db_s": -15.0, "highs_cutoff_frequency_hz": 11000.536519395775, "highs_q_factor": 0.3626801281914581, "highs_gain_db_s": -20.73737415588021, "fade_in_time_s": 0.2}