{"room_size": 8.92251314078848, "reverberation_time_s": 0.8033535336971422, "lows_cutoff_frequency_hz": 198.5448297518075, "lows_q_factor": 0.9, "lows_gain_db_s": -14.14112202425816, "highs_cutoff_frequency_hz": 11000.0, "highs_q_factor": 0.9, "highs_gain_db_s": -20.08785688577315, "fade_in_time_s": 0.2}