{"room_size": 8.399883716053386, "reverberation_time_s": 0.8694743870893547, "lows_cutoff_frequency_hz": 199.88444246739385, "lows_q_factor": 0.9, "lows_gain_db_s": -13.88004911555419, "highs_cutoff_frequency_hz": 11000.0, "highs_q_factor": 0.9, "highs_gain_db_s": -19.05805281918993, "fade_in_time_s": 0.19197592453029771}