{"Christy": 0.046666666666666745, "Carla": 0.08933333333333326, "Darcy": 0.02533333333333332}