{"Christy": 0.010666666666666713, "Carla": 0.4866666666666668, "Darcy": 0.05600000000000005}