{"Young Griffo - Pennies.wav": 0.1053333333333335, "Music Delta - Disco.wav": 0.009333333333333416, "The Scarlet Brand - Les Fleurs Du Mal.wav": 0.07599999999999985, "Music Delta - Rockabilly.wav": 0.5226666666666667, "Titanium - Haunted Age.wav": 0.057333333333333236, "Giselle - Moss.wav": 0.1160000000000001, "Fergessen - The Wind.wav": 0.043999999999999984, "James May - On The Line.wav": 0.08133333333333348, "Music Delta - 80s Rock.wav": 0.4186666666666665, "Music Delta - Rock.wav": 0.06533333333333335, "Secret Mountains - High Horse.wav": 0.4079999999999999, "Fergessen - Nos Palpitants.wav": 0.09333333333333332, "Dreamers Of The Ghetto - Heavy Love.wav": 0.488, "Skelpolu - Human Mistakes.wav": 0.8373333333333339, "Jay Menon - Through My Eyes.wav": 0.018666666666666387, "Clara Berry And Wooldog - Air Traffic.wav": 0.3986666666666663, "Traffic Experiment - Once More (With Feeling).wav": 0.33999999999999986, "Triviul - Dorothy.wav": 0.11733333333333329, "James May - All Souls Moon.wav": 0.16533333333333333, "Wall Of Death - Femme.wav": 0.3986666666666667, "Faces On Film - Waiting For Ga.wav": 0.02266666666666667, "The Long Wait - Back Home To Blue.wav": 0.14266666666666672, "Leaf - Wicked.wav": 0.07199999999999995, "Johnny Lokke - Whisper To A Scream.wav": 0.11333333333333351, "Aimee Norwich - Child.wav": 0.06400000000000006, "Bill Chudziak - Children Of No-one.wav": 0.027999999999999803, "Lushlife - Toynbee Suite.wav": 0.244, "Drumtracks - Ghost Bitch.wav": 0.040000000000000036, "North To Alaska - All The Same.wav": 0.188, "Strand Of Oaks - Spacestation.wav": 0.03200000000000003, "Patrick Talbot - A Reason To Leave.wav": 0.376, "Grants - PunchDrunk.wav": 0.6240000000000001, "Meaxic - Take A Step.wav": 0.022666666666666724, "Music Delta - Punk.wav": 0.3466666666666667, "Hollow Ground - Left Blind.wav": 0.2853333333333333, "Music Delta - Britpop.wav": 0.01200000000000001, "Meaxic - You Listen.wav": 0.1280000000000001, "Creepoid - OldTree.wav": 0.10533333333333328, "Skelpolu - Together Alone.wav": 1.250666666666667, "Celestial Shore - Die For Us.wav": 0.3560000000000003, "ANiMAL - Rockshow.wav": 0.08399999999999996, "Johnny Lokke - Promises & Lies.wav": 0.4773333333333334, "Jokers, Jacks & Kings - Sea Of Leaves.wav": 0.284, "Black Bloc - If You Want Success.wav": 0.3973333333333333, "Music Delta - Reggae.wav": 0.06400000000000006, "Cnoc An Tursa - Bannockburn.wav": 0.15066666666666667, "ANiMAL - Easy Tiger.wav": 0.05199999999999999, "Phre The Eon - Everybody's Falling Apart.wav": 0.002666666666666595, "Music Delta - Country2.wav": 0.021333333333333204, "Invisible Familiars - Disturbing Wildlife.wav": 0.018666666666666665, "Angela Thomas Wade - Milk Cow Blues.wav": 0.17466666666666675, "Voelund - Comfort Lives In Belief.wav": 0.1226666666666667, "Music Delta - Country1.wav": 0.010666666666666713, "The Wrong'Uns - Rothko.wav": 0.10933333333333328, "Hezekiah Jones - Borrowed Heart.wav": 0.2666666666666666, "Helado Negro - Mitad Del Mundo.wav": 0.1160000000000001, "James May - Dont Let Go.wav": 0.02933333333333321, "ANiMAL - Clinic A.wav": 0.17733333333333332, "Atlantis Bound - It Was My Fault For Waiting.wav": 0.009333333333333638, "Spike Mullings - Mike's Sulking.wav": 0.08000000000000007, "Snowmine - Curfews.wav": 0.07733333333333325, "St Vitus - Word Gets Around.wav": 0.24, "Patrick Talbot - Set Me Free.wav": 0.43333333333333335, "Music Delta - Grunge.wav": 0.06133333333333335, "Hop Along - Sister Cities.wav": 0.02400000000000002, "Flags - 54.wav": 0.3746666666666667, "The So So Glos - Emergency.wav": 0.02400000000000002, "Actions - One Minute Smile.wav": 0.4093333333333333, "Alexander Ross - Velvet Curtain.wav": 0.021333333333333315, "Music Delta - Gospel.wav": 0.05066666666666686, "Swinging Steaks - Lost My Way.wav": 0.18533333333333335, "Night Panther - Fire.wav": 0.22533333333333339, "The Districts - Vermont.wav": 0.7000000000000002, "Actions - South Of The Water.wav": 0.2253333333333333, "Music Delta - Hendrix.wav": 0.15600000000000014, "Music Delta - Beatles.wav": 0.41866666666666663, "James May - If You Say.wav": 0.07200000000000006, "Clara Berry And Wooldog - Stella.wav": 0.1346666666666667, "Alexander Ross - Goodbye Bolero.wav": 0.1346666666666667, "Leaf - Summerghost.wav": 0.2653333333333333, "BigTroubles - Phantom.wav": 0.289333333333333, "Young Griffo - Blood To Bone.wav": 0.02533333333333343, "Triviul - Angelsaint.wav": 0.1373333333333333, "Chris Durban - Celebrate.wav": 0.12666666666666693, "Clara Berry And Wooldog - Waltz For My Victims.wav": 0.11599999999999988, "Auctioneer - Our Future Faces.wav": 0.1519999999999999, "Young Griffo - Facade.wav": 0.021333333333333204, "Sweet Lights - You Let Me Down.wav": 0.43600000000000005, "A Classic Education - NightOwl.wav": 0.1373333333333333, "Leaf - Come Around.wav": 0.052000000000000046, "Dark Ride - Burning Bridges.wav": 0.3733333333333333, "Traffic Experiment - Sirens.wav": 0.492, "Tim Taler - Stalker.wav": 2.0293333333333337, "Actions - Devil's Words.wav": 0.10399999999999998, "Matthew Entwistle - Dont You Ever.wav": 0.0013333333333336306, "Fergessen - Back From The Start.wav": 0.3626666666666667, "Remember December - C U Next Time.wav": 0.45599999999999974, "AvaLuna - Waterduct.wav": 0.33466666666666667, "Port St Willow - Stay Even.wav": 0.31066666666666665, "Steven Clark - Bounty.wav": 0.2733333333333334}