{"Young Griffo - Pennies": 0.1053333333333335, "Music Delta - Disco": 0.009333333333333416, "The Scarlet Brand - Les Fleurs Du Mal": 0.07599999999999985, "Music Delta - Rockabilly": 0.5226666666666667, "Titanium - Haunted Age": 0.057333333333333236, "Giselle - Moss": 0.1160000000000001, "Fergessen - The Wind": 0.043999999999999984, "James May - On The Line": 0.08133333333333348, "Music Delta - 80s Rock": 0.4186666666666665, "Music Delta - Rock": 0.06533333333333335, "Secret Mountains - High Horse": 0.4079999999999999, "Fergessen - Nos Palpitants": 0.09333333333333332, "Dreamers Of The Ghetto - Heavy Love": 0.488, "Skelpolu - Human Mistakes": 0.8373333333333339, "Jay Menon - Through My Eyes": 0.018666666666666387, "Clara Berry And Wooldog - Air Traffic": 0.3986666666666663, "Traffic Experiment - Once More (With Feeling)": 0.33999999999999986, "Triviul - Dorothy": 0.11733333333333329, "James May - All Souls Moon": 0.16533333333333333, "Wall Of Death - Femme": 0.3986666666666667, "Faces On Film - Waiting For Ga": 0.02266666666666667, "The Long Wait - Back Home To Blue": 0.14266666666666672, "Leaf - Wicked": 0.07199999999999995, "Johnny Lokke - Whisper To A Scream": 0.11333333333333351, "Aimee Norwich - Child": 0.06400000000000006, "Bill Chudziak - Children Of No-one": 0.027999999999999803, "Lushlife - Toynbee Suite": 0.244, "Drumtracks - Ghost Bitch": 0.040000000000000036, "North To Alaska - All The Same": 0.188, "Strand Of Oaks - Spacestation": 0.03200000000000003, "Patrick Talbot - A Reason To Leave": 0.376, "Grants - PunchDrunk": 0.6240000000000001, "Meaxic - Take A Step": 0.022666666666666724, "Music Delta - Punk": 0.3466666666666667, "Hollow Ground - Left Blind": 0.2853333333333333, "Music Delta - Britpop": 0.01200000000000001, "Meaxic - You Listen": 0.1280000000000001, "Creepoid - OldTree": 0.10533333333333328, "Skelpolu - Together Alone": 1.250666666666667, "Celestial Shore - Die For Us": 0.3560000000000003, "ANiMAL - Rockshow": 0.08399999999999996, "Johnny Lokke - Promises & Lies": 0.4773333333333334, "Jokers, Jacks & Kings - Sea Of Leaves": 0.284, "Black Bloc - If You Want Success": 0.3973333333333333, "Music Delta - Reggae": 0.06400000000000006, "Cnoc An Tursa - Bannockburn": 0.15066666666666667, "ANiMAL - Easy Tiger": 0.05199999999999999, "Phre The Eon - Everybody's Falling Apart": 0.002666666666666595, "Music Delta - Country2": 0.021333333333333204, "Invisible Familiars - Disturbing Wildlife": 0.018666666666666665, "Angela Thomas Wade - Milk Cow Blues": 0.17466666666666675, "Voelund - Comfort Lives In Belief": 0.1226666666666667, "Music Delta - Country1": 0.010666666666666713, "The Wrong'Uns - Rothko": 0.10933333333333328, "Hezekiah Jones - Borrowed Heart": 0.2666666666666666, "Helado Negro - Mitad Del Mundo": 0.1160000000000001, "James May - Dont Let Go": 0.02933333333333321, "ANiMAL - Clinic A": 0.17733333333333332, "Atlantis Bound - It Was My Fault For Waiting": 0.009333333333333638, "Spike Mullings - Mike's Sulking": 0.08000000000000007, "Snowmine - Curfews": 0.07733333333333325, "St Vitus - Word Gets Around": 0.24, "Patrick Talbot - Set Me Free": 0.43333333333333335, "Music Delta - Grunge": 0.06133333333333335, "Hop Along - Sister Cities": 0.02400000000000002, "Flags - 54": 0.3746666666666667, "The So So Glos - Emergency": 0.02400000000000002, "Actions - One Minute Smile": 0.4093333333333333, "Alexander Ross - Velvet Curtain": 0.021333333333333315, "Music Delta - Gospel": 0.05066666666666686, "Swinging Steaks - Lost My Way": 0.18533333333333335, "Night Panther - Fire": 0.22533333333333339, "The Districts - Vermont": 0.7000000000000002, "Actions - South Of The Water": 0.2253333333333333, "Music Delta - Hendrix": 0.15600000000000014, "Music Delta - Beatles": 0.41866666666666663, "James May - If You Say": 0.07200000000000006, "Clara Berry And Wooldog - Stella": 0.1346666666666667, "Alexander Ross - Goodbye Bolero": 0.1346666666666667, "Leaf - Summerghost": 0.2653333333333333, "BigTroubles - Phantom": 0.289333333333333, "Young Griffo - Blood To Bone": 0.02533333333333343, "Triviul - Angelsaint": 0.1373333333333333, "Chris Durban - Celebrate": 0.12666666666666693, "Clara Berry And Wooldog - Waltz For My Victims": 0.11599999999999988, "Auctioneer - Our Future Faces": 0.1519999999999999, "Young Griffo - Facade": 0.021333333333333204, "Sweet Lights - You Let Me Down": 0.43600000000000005, "A Classic Education - NightOwl": 0.1373333333333333, "Leaf - Come Around": 0.052000000000000046, "Dark Ride - Burning Bridges": 0.3733333333333333, "Traffic Experiment - Sirens": 0.492, "Tim Taler - Stalker": 2.0293333333333337, "Actions - Devil's Words": 0.10399999999999998, "Matthew Entwistle - Dont You Ever": 0.0013333333333336306, "Fergessen - Back From The Start": 0.3626666666666667, "Remember December - C U Next Time": 0.45599999999999974, "AvaLuna - Waterduct": 0.33466666666666667, "Port St Willow - Stay Even": 0.31066666666666665, "Steven Clark - Bounty": 0.2733333333333334}